{
	"format_version": "1.8.0",
	"animations": {
		"emp_shot": {
			"animation_length": 0.2083,
			"bones": {
				"body": {
					"rotation": {
						"0.0": [0, 0, 0],
						"0.125": [0, "-query.head_y_rotation", 0]
					}
				},
				"torso_bend": {
					"rotation": {
						"0.0": [0, 0, 0],
						"0.0833": [0.94092, 18.09408, -0.92024],
						"0.125": [-15.69284, -16.88547, 4.6653]
					}
				},
				"head_rot": {
					"rotation": {
						"0.0": [0, 0, 0],
						"0.125": [15, "query.head_y_rotation", 0]
					}
				},
				"left_arm": {
					"rotation": {
						"0.0": [0, 0, 0],
						"0.125": [34.0724, 8.53726, -12.37961]
					}
				},
				"left_arm_bend": {
					"rotation": {
						"0.0": [0, 0, 0],
						"0.125": [-52.5, 0, 0]
					}
				},
				"right_arm": {
					"rotation": {
						"0.0": [0, 0, 0],
						"0.0833": [35.16388, -34.35186, 40.98072],
						"0.125": [-74.9453, "4.8292173425+query.head_y_rotation ", 1.29717]
					}
				},
				"right_arm_bend": {
					"rotation": {
						"0.0": [0, 0, 0],
						"0.0833": [-52.5, 0, 0],
						"0.125": [0, 0, 0]
					}
				}
			}
		},
		"emp_shot_barrage": {
			"loop": "hold_on_last_frame",
			"animation_length": 0.6667,
			"bones": {
				"body": {
					"rotation": {
						"0.0": [0, 0, 0],
						"0.1667": [0, "-query.head_y_rotation", 0]
					}
				},
				"torso_bend": {
					"rotation": {
						"0.0": [0, 0, 0],
						"0.0833": [0.94092, 18.09408, -0.92024],
						"0.1667": [-15.69284, -16.88547, 4.6653]
					}
				},
				"head_rot": {
					"rotation": {
						"0.0": [0, 0, 0],
						"0.1667": [15, "query.head_y_rotation", 0]
					}
				},
				"left_arm": {
					"rotation": {
						"0.0": [0, 0, 0],
						"0.1667": [34.0724, 8.53726, -12.37961]
					}
				},
				"left_arm_bend": {
					"rotation": {
						"0.0": [0, 0, 0],
						"0.1667": [-52.5, 0, 0]
					}
				},
				"right_arm": {
					"rotation": {
						"0.0": [0, 0, 0],
						"0.0833": [35.16388, -34.35186, 40.98072],
						"0.1667": ["-74.9452988712+query.head_x_rotation", 4.82922, 1.29717],
						"0.2083": ["-84.9453+query.head_x_rotation", 4.8292, 1.29717],
						"0.25": ["-74.9452988712+query.head_x_rotation", 4.82922, 1.29717],
						"0.2917": ["-84.9453+query.head_x_rotation", 4.8292, 1.29717],
						"0.3333": ["-74.9452988712+query.head_x_rotation", 4.82922, 1.29717],
						"0.375": ["-84.9453+query.head_x_rotation", 4.8292, 1.29717],
						"0.4167": ["-74.9452988712+query.head_x_rotation", 4.82922, 1.29717],
						"0.4583": ["-84.9453+query.head_x_rotation", 4.8292, 1.29717],
						"0.5": ["-74.9452988712+query.head_x_rotation", 4.82922, 1.29717],
						"0.5417": ["-84.9453+query.head_x_rotation", 4.8292, 1.29717],
						"0.5833": ["-74.9452988712+query.head_x_rotation", 4.82922, 1.29717],
						"0.625": ["-84.9453+query.head_x_rotation", 4.8292, 1.29717],
						"0.6667": ["-74.9452988712+query.head_x_rotation", 4.82922, 1.29717]
					}
				},
				"right_arm_bend": {
					"rotation": {
						"0.0": [0, 0, 0],
						"0.0833": [-52.5, 0, 0],
						"0.1667": [0, 0, 0]
					}
				}
			}
		},
		"emp_shot_l": {
			"loop": "hold_on_last_frame",
			"animation_length": 0.1667,
			"bones": {
				"body": {
					"rotation": {
						"0.0": [0, 0, 0],
						"0.125": [0, 42.5, 0]
					}
				},
				"torso_bend": {
					"rotation": {
						"0.0": [0, 0, 0],
						"0.125": [-7.67995, 12.39135, -1.6575]
					}
				},
				"head_rot": {
					"rotation": {
						"0.0": [0, 0, 0],
						"0.125": ["21.6340182641+query.head_x_rotation", -45.41054, -15.77241]
					}
				},
				"left_arm_xrot": {
					"rotation": {
						"0.0": [0, 0, 0],
						"0.125": [7.5, 0, 0]
					}
				},
				"left_arm": {
					"rotation": {
						"0.0": [0, 0, 0],
						"0.0833": [39.26518, -20.89233, -29.58891],
						"0.125": ["-90+query.head_x_rotation ", -37.5, 0]
					}
				},
				"left_arm_bend": {
					"rotation": {
						"0.0": [0, 0, 0],
						"0.0833": [-55, 0, 0],
						"0.125": [0, 0, 0]
					}
				},
				"right_arm": {
					"rotation": {
						"0.0": [0, 0, 0],
						"0.125": [30.90686, -10.58927, 17.06488]
					}
				},
				"right_arm_bend": {
					"rotation": {
						"0.0": [0, 0, 0],
						"0.125": [-42.5, 0, 0]
					}
				}
			}
		},
		"emp_shot_barrage_l": {
			"loop": "hold_on_last_frame",
			"animation_length": 0.6667,
			"bones": {
				"body": {
					"rotation": {
						"0.0": [0, 0, 0],
						"0.1667": [0, 42.5, 0]
					}
				},
				"torso_bend": {
					"rotation": {
						"0.0": [0, 0, 0],
						"0.1667": [-7.67995, 12.39135, -1.6575]
					}
				},
				"head_rot": {
					"rotation": {
						"0.0": [0, 0, 0],
						"0.1667": ["21.6340182641+query.head_x_rotation", -45.41054, -15.77241]
					}
				},
				"left_arm_xrot": {
					"rotation": {
						"0.0": [0, 0, 0],
						"0.1667": [7.5, 0, 0]
					}
				},
				"left_arm": {
					"rotation": {
						"0.0": [0, 0, 0],
						"0.0833": [39.26518, -20.89233, -29.58891],
						"0.1667": ["-90+query.head_x_rotation ", -37.5, 0],
						"0.2083": ["-102.5+query.head_x_rotation ", -37.5, 0],
						"0.25": ["-90+query.head_x_rotation ", -37.5, 0],
						"0.2917": ["-102.5+query.head_x_rotation ", -37.5, 0],
						"0.3333": ["-90+query.head_x_rotation ", -37.5, 0],
						"0.375": ["-102.5+query.head_x_rotation ", -37.5, 0],
						"0.4167": ["-90+query.head_x_rotation ", -37.5, 0],
						"0.4583": ["-102.5+query.head_x_rotation ", -37.5, 0],
						"0.5": ["-90+query.head_x_rotation ", -37.5, 0],
						"0.5417": ["-102.5+query.head_x_rotation ", -37.5, 0],
						"0.5833": ["-90+query.head_x_rotation ", -37.5, 0],
						"0.625": ["-102.5+query.head_x_rotation ", -37.5, 0],
						"0.6667": ["-90+query.head_x_rotation ", -37.5, 0]
					}
				},
				"left_arm_bend": {
					"rotation": {
						"0.0": [0, 0, 0],
						"0.0833": [-55, 0, 0],
						"0.1667": [0, 0, 0]
					}
				},
				"right_arm": {
					"rotation": {
						"0.0": [0, 0, 0],
						"0.1667": [30.90686, -10.58927, 17.06488]
					}
				},
				"right_arm_bend": {
					"rotation": {
						"0.0": [0, 0, 0],
						"0.1667": [-42.5, 0, 0]
					}
				}
			}
		}
	}
}