{
	"format_version": "1.8.0",
	"animations": {
		"hp_doxx": {
			"loop": "hold_on_last_frame",
			"animation_length": 0.625,
			"bones": {
				"torso_bend": {
					"rotation": {
						"0.0": [0, 0, 0],
						"0.0833": [35, 0, 0],
						"0.2083": [-65, 0, 0],
						"0.3333": [70, 0, 0],
						"0.4583": [0, -35, 0],
						"0.5833": [0, 22.5, 0],
						"0.625": [0, 0, 0]
					}
				},
				"head_rot": {
					"rotation": {
						"0.0": [0, 0, 0],
						"0.0833": [32.5, 0, 0],
						"0.2083": [-35, 0, 0],
						"0.3333": [17.5, 0, 0],
						"0.5417": [-6.29298, 37.33289, -3.82607],
						"0.625": [-5.00474, 2.49048, -0.21803]
					}
				},
				"left_arm": {
					"rotation": {
						"0.0": [0, 0, 0],
						"0.0833": [-14.03271, 26.79524, -6.42848]
					}
				},
				"left_arm_bend": {
					"rotation": {
						"0.0": [0, 0, 0],
						"0.0833": [-67.5, 0, 0]
					}
				},
				"right_arm": {
					"rotation": {
						"0.0": [0, 0, 0],
						"0.2083": [-194.89149, -9.29798, -31.28223],
						"0.3333": [-28.89662, -54.02673, -37.43541],
						"0.375": [-64.76854, -46.30863, -18.51606],
						"0.5": [-107.38427, -23.15431, 38.24197],
						"0.625": [0, 90, 95]
					}
				},
				"right_arm_bend": {
					"rotation": {
						"0.4167": [0, 0, 0],
						"0.4583": [0, 0, -55],
						"0.625": [0, 0, 2.5]
					}
				}
			}
		},
		"hp_doxx_l": {
			"loop": "hold_on_last_frame",
			"animation_length": 0.625,
			"bones": {
				"torso_bend": {
					"rotation": {
						"0.0": [0, 0, 0],
						"0.0833": [42.5, 0, 0],
						"0.2083": [-40, 0, 0],
						"0.3333": [70, 0, 0],
						"0.4583": [0, 0, 0],
						"0.5833": [0, -42.5, 0],
						"0.625": [0, 0, 0]
					}
				},
				"head_rot": {
					"rotation": {
						"0.0": [0, 0, 0],
						"0.0833": [27.5, 0, 0],
						"0.2083": [-65, 0, 0],
						"0.3333": [-10, 0, 0],
						"0.5417": [0, -27.5, 0],
						"0.625": [0, 0, 0]
					}
				},
				"left_arm": {
					"rotation": {
						"0.0": [0, 0, 0],
						"0.2083": [-194.99523, -4.32875, 30.73865],
						"0.3333": [-41.79219, 54.644, 24.37627],
						"0.375": [-83.32188, 46.83772, 8.39394],
						"0.5": [-96.59499, -28.7682, 4.92164],
						"0.625": [0, -90, -87.5]
					}
				},
				"left_arm_bend": {
					"rotation": {
						"0.0": [0, 0, 0],
						"0.375": [10, 0, 0],
						"0.5": [3.03513, -9.53274, 72.24687],
						"0.625": [0, 0, 0]
					}
				},
				"right_arm": {
					"rotation": {
						"0.0": [0, 0, 0],
						"0.0417": [-34.3939, -27.73062, 17.6685]
					}
				},
				"right_arm_bend": {
					"rotation": {
						"0.0": [0, 0, 0],
						"0.0417": [-50, 0, 0]
					}
				}
			}
		},
		"cringe": {
			"loop": "hold_on_last_frame",
			"animation_length": 0.2083,
			"bones": {
				"torso_bend": {
					"rotation": {
						"0.0": [0, 0, 0],
						"0.2083": [-20, 0, 0]
					}
				},
				"head_rot": {
					"rotation": {
						"0.0": [0, 0, 0],
						"0.0833": [0, 17.5, 0],
						"0.125": [0, -25, 0],
						"0.2083": [0, 17.5, 0]
					}
				},
				"left_arm": {
					"rotation": {
						"0.0": [0, 0, 0],
						"0.0833": [-71.33799, -36.01651, -11.23272],
						"0.2083": [-88.93002, -70.56671, -49.41788]
					}
				},
				"left_arm_bend": {
					"rotation": {
						"0.0": [0, 0, 0],
						"0.0833": [-82.5, 0, 0]
					}
				},
				"right_arm": {
					"rotation": {
						"0.0": [0, 0, 0],
						"0.0833": [-87.29431, 22.47741, 1.03509],
						"0.2083": [-128.59515, 77.25635, 11.13101]
					}
				},
				"right_arm_bend": {
					"rotation": {
						"0.0": [0, 0, 0],
						"0.0833": [-80, 0, 0]
					}
				}
			}
		},
		"hp_vine": {
			"animation_length": 0.625,
			"bones": {
				"torso": {
					"rotation": {
						"0.0": [0, 0, 0],
						"0.1667": [0, 57.5, 0],
						"0.4167": [0, -57.5, 0]
					}
				},
				"head_rot": {
					"rotation": {
						"0.0": [0, 0, 0],
						"0.1667": ["query.head_x_rotation", 0, 0],
						"0.4167": ["query.head_x_rotation", 0, 0]
					}
				},
				"right_arm": {
					"rotation": {
						"0.0": [0, 0, 0],
						"0.125": [-267.2143, 18.39563, -175.47711],
						"0.1667": [-237.04799, 85.1364, -143.49909],
						"0.2083": ["-90+query.head_x_rotation", 67.5, 0],
						"0.4167": ["-90+query.head_x_rotation", -22.5, 0],
						"0.5417": ["-90+query.head_x_rotation", 0, 0]
					}
				},
				"right_arm_bend": {
					"rotation": {
						"0.0": [0, 0, 0],
						"0.1667": [0, 0, -60.5],
						"0.2083": [0, 0, -28.75],
						"0.4167": [0, 0, -52.5]
					}
				},
				"hidden.third_vine": {
					"rotation": {
						"0.0": [-104.53654, -32.46527, -1.59176],
						"0.2083": [0, 0, 0],
						"0.4167": [0, 0, 15],
						"0.5417": [0, 0, -10],
						"0.625": [0, 0, 20]
					}
				},
				"third_vine2": {
					"rotation": {
						"0.0": [74.99242, -46.79235, 11.96871],
						"0.2083": [0, 0, 2.5],
						"0.4167": [0, 0, 20],
						"0.5417": [0, 0, -27.5],
						"0.625": [0, 0, 32.5]
					}
				},
				"third_vine3": {
					"rotation": {
						"0.0": [62.5, 0, 0],
						"0.2083": [0, 0, 6.25],
						"0.4167": [0, 0, 22.5],
						"0.5417": [0, 0, -32.5],
						"0.625": [0, 0, 12.5]
					}
				},
				"third_vine4": {
					"rotation": {
						"0.0": [40.43246, -7.64427, -6.46635],
						"0.2083": [0, 0, 3.75],
						"0.4167": [0, 0, 17.5],
						"0.5417": [0, 0, -37.5],
						"0.625": [0, 0, 37.5]
					}
				},
				"third_vine5": {
					"rotation": {
						"0.0": [60, 0, 0],
						"0.2083": [0, 0, 32.5],
						"0.4167": [0, 0, 30],
						"0.5417": [0, 0, -47.5],
						"0.625": [0, 0, 65]
					}
				},
				"hidden.main_vine": {
					"rotation": {
						"0.0": [-44.31081, 26.06465, 24.23178],
						"0.2083": [0, 0, -7.5],
						"0.4167": [0, 0, -10],
						"0.5417": [0, 0, -42.5],
						"0.625": [0, 0, -15]
					}
				},
				"main_vine2": {
					"rotation": {
						"0.0": [0, 0, -72.5],
						"0.2083": [0, 0, 11.25],
						"0.4167": [0, 0, 17.5],
						"0.5417": [0, 0, -22.5],
						"0.625": [0, 0, 22.5]
					}
				},
				"main_vine3": {
					"rotation": {
						"0.0": [0, 0, -70],
						"0.2083": [0, 0, 12.5],
						"0.4167": [0, 0, 15],
						"0.5417": [0, 0, -35],
						"0.625": [0, 0, 40]
					}
				},
				"main_vine4": {
					"rotation": {
						"0.0": [6.93796, -7.76327, -68.59672],
						"0.2083": [0, 0, 18.75],
						"0.4167": [0, 0, 17.5],
						"0.5417": [0, 0, -40],
						"0.625": [0, 0, 52.5]
					}
				},
				"main_vine5": {
					"rotation": {
						"0.0": [0, 0, 0],
						"0.2083": [0, 0, 30],
						"0.4167": [0, 0, 35],
						"0.5417": [0, 0, -52.5],
						"0.625": [-10.36607, -19.52503, 12.89668]
					}
				},
				"hidden.second_vine": {
					"rotation": {
						"0.0": [53.95534, 31.81666, -20.98998],
						"0.2083": [0, 0, -1.25],
						"0.4167": [0, 0, 7.5],
						"0.5417": [0, 0, -27.5],
						"0.625": [0, 0, 30]
					}
				},
				"second_vine2": {
					"rotation": {
						"0.0": [-32.73241, 24.4045, 32.73241],
						"0.2083": [0, 0, 20],
						"0.4167": [0, 0, 15],
						"0.5417": [0, 0, -15],
						"0.625": [0, 0, 15]
					}
				},
				"second_vine3": {
					"rotation": {
						"0.0": [-42.5, 0, 57.5],
						"0.2083": [0, 0, 13.75],
						"0.4167": [0, 0, 17.5],
						"0.5417": [0, 0, -27.5],
						"0.625": [0, 0, 17.5]
					}
				},
				"second_vine4": {
					"rotation": {
						"0.0": [-15, 0, 72.5],
						"0.2083": [0, 0, 16.25],
						"0.4167": [0, 0, 17.5],
						"0.5417": [0, 0, -52.5],
						"0.625": [0, 0, 47.5]
					}
				},
				"second_vine5": {
					"rotation": {
						"0.0": [0, 0, 75],
						"0.2083": [0, 0, 25],
						"0.4167": [0, 0, 25],
						"0.5417": [0, 0, -45],
						"0.625": [0, 0, 35]
					}
				},
				"head": {
					"rotation": {
						"0.0": ["query.head_x_rotation", 0, 0],
						"0.1667": ["query.head_x_rotation", -53.5, 0],
						"0.4167": ["query.head_x_rotation", 60, 0]
					}
				},
				"left_arm": {
					"rotation": {
						"0.0": [0, 0, 0],
						"0.0833": [0, 0, -60],
						"0.375": [42.5, 0, -60],
						"0.5833": [20, 0, -60]
					}
				},
				"left_arm_bend": {
					"rotation": {
						"0.0": [0, 0, 0],