{
	"format_version": "1.8.0",
	"animations": {
		"hp_doxx": {
			"loop": "hold_on_last_frame",
			"animation_length": 0.625,
			"bones": {
				"torso_bend": {
					"rotation": {
						"0.0": {
							"vector": [0, 0, 0]
						},
						"0.0833": {
							"vector": [35, 0, 0]
						},
						"0.2083": {
							"vector": [-65, 0, 0]
						},
						"0.3333": {
							"vector": [70, 0, 0]
						},
						"0.4583": {
							"vector": [0, -35, 0]
						},
						"0.5833": {
							"vector": [0, 22.5, 0]
						},
						"0.625": {
							"vector": [0, 0, 0]
						}
					}
				},
				"head_rot": {
					"rotation": {
						"0.0": {
							"vector": [0, 0, 0]
						},
						"0.0833": {
							"vector": [32.5, 0, 0]
						},
						"0.2083": {
							"vector": [-35, 0, 0]
						},
						"0.3333": {
							"vector": [17.5, 0, 0]
						},
						"0.5417": {
							"vector": [-6.29298, 37.33289, -3.82607]
						},
						"0.625": {
							"vector": [-5.00474, 2.49048, -0.21803]
						}
					}
				},
				"left_arm": {
					"rotation": {
						"0.0": {
							"vector": [0, 0, 0]
						},
						"0.0833": {
							"vector": [-14.03271, 26.79524, -6.42848]
						}
					}
				},
				"left_arm_bend": {
					"rotation": {
						"0.0": {
							"vector": [0, 0, 0]
						},
						"0.0833": {
							"vector": [-67.5, 0, 0]
						}
					}
				},
				"right_arm": {
					"rotation": {
						"0.0": {
							"vector": [0, 0, 0]
						},
						"0.2083": {
							"vector": [-194.89149, -9.29798, -31.28223]
						},
						"0.3333": {
							"vector": [-28.89662, -54.02673, -37.43541]
						},
						"0.375": {
							"vector": [-64.76854, -46.30863, -18.51606]
						},
						"0.5": {
							"vector": [-107.38427, -23.15431, 38.24197]
						},
						"0.625": {
							"vector": [0, 90, 95]
						}
					}
				},
				"right_arm_bend": {
					"rotation": {
						"0.4167": {
							"vector": [0, 0, 0]
						},
						"0.4583": {
							"vector": [0, 0, -55]
						},
						"0.625": {
							"vector": [0, 0, 2.5]
						}
					}
				}
			}
		},
		"hp_doxx_l": {
			"loop": "hold_on_last_frame",
			"animation_length": 0.625,
			"bones": {
				"torso_bend": {
					"rotation": {
						"0.0": {
							"vector": [0, 0, 0]
						},
						"0.0833": {
							"vector": [42.5, 0, 0]
						},
						"0.2083": {
							"vector": [-40, 0, 0]
						},
						"0.3333": {
							"vector": [70, 0, 0]
						},
						"0.4583": {
							"vector": [0, 0, 0]
						},
						"0.5833": {
							"vector": [0, -42.5, 0]
						},
						"0.625": {
							"vector": [0, 0, 0]
						}
					}
				},
				"head_rot": {
					"rotation": {
						"0.0": {
							"vector": [0, 0, 0]
						},
						"0.0833": {
							"vector": [27.5, 0, 0]
						},
						"0.2083": {
							"vector": [-65, 0, 0]
						},
						"0.3333": {
							"vector": [-10, 0, 0]
						},
						"0.5417": {
							"vector": [0, -27.5, 0]
						},
						"0.625": {
							"vector": [0, 0, 0]
						}
					}
				},
				"left_arm": {
					"rotation": {
						"0.0": {
							"vector": [0, 0, 0]
						},
						"0.2083": {
							"vector": [-194.99523, -4.32875, 30.73865]
						},
						"0.3333": {
							"vector": [-41.79219, 54.644, 24.37627]
						},
						"0.375": {
							"vector": [-83.32188, 46.83772, 8.39394]
						},
						"0.5": {
							"vector": [-96.59499, -28.7682, 4.92164]
						},
						"0.625": {
							"vector": [0, -90, -87.5]
						}
					}
				},
				"left_arm_bend": {
					"rotation": {
						"0.0": {
							"vector": [0, 0, 0]
						},
						"0.375": {
							"vector": [10, 0, 0]
						},
						"0.5": {
							"vector": [3.03513, -9.53274, 72.24687]
						},
						"0.625": {
							"vector": [0, 0, 0]
						}
					}
				},
				"right_arm": {
					"rotation": {
						"0.0": {
							"vector": [0, 0, 0]
						},
						"0.0417": {
							"vector": [-34.3939, -27.73062, 17.6685]
						}
					}
				},
				"right_arm_bend": {
					"rotation": {
						"0.0": {
							"vector": [0, 0, 0]
						},
						"0.0417": {
							"vector": [-50, 0, 0]
						}
					}
				}
			}
		},
		"cringe": {
			"loop": "hold_on_last_frame",
			"animation_length": 0.2083,
			"bones": {
				"torso_bend": {
					"rotation": {
						"0.0": {
							"vector": [0, 0, 0]
						},
						"0.2083": {
							"vector": [-20, 0, 0]
						}
					}
				},
				"head_rot": {
					"rotation": {
						"0.0": {
							"vector": [0, 0, 0]
						},
						"0.0833": {
							"vector": [0, 17.5, 0]
						},
						"0.125": {
							"vector": [0, -25, 0]
						},
						"0.2083": {
							"vector": [0, 17.5, 0]
						}
					}
				},
				"left_arm": {
					"rotation": {
						"0.0": {
							"vector": [0, 0, 0]
						},
						"0.0833": {
							"vector": [-71.33799, -36.01651, -11.23272]
						},
						"0.2083": {
							"vector": [-88.93002, -70.56671, -49.41788]
						}
					}
				},
				"left_arm_bend": {
					"rotation": {
						"0.0": {
							"vector": [0, 0, 0]
						},
						"0.0833": {
							"vector": [-82.5, 0, 0]
						}
					}
				},
				"right_arm": {
					"rotation": {
						"0.0": {
							"vector": [0, 0, 0]
						},
						"0.0833": {
							"vector": [-87.29431, 22.47741, 1.03509]
						},
						"0.2083": {
							"vector": [-128.59515, 77.25635, 11.13101]
						}
					}
				},
				"right_arm_bend": {
					"rotation": {
						"0.0": {
							"vector": [0, 0, 0]
						},
						"0.0833": {
							"vector": [-80, 0, 0]
						}
					}
				},
				"hidden.vines": {
					"scale": {
						"vector": [1, 1, 1]
					}
				},
				"grab_vine": {
					"scale": {
						"0.0": {
							"vector": [1, 1, 1]
						},
						"0.2083": {
							"vector": [1, 3.7, 1]
						}
					}
				}
			}
		},
		"hp_vine": {
			"loop": "hold_on_last_frame",
			"animation_length": 0.625,
			"bones": {
				"body": {
					"rotation": {
						"0.0": {
							"vector": [0, 0, 0]
						},
						"0.1667": {
							"vector": [0, 45, 0]
						},
						"0.375": {
							"vector": [0, -71.59, 0]
						},
						"0.625": {
							"vector": [0, -57.5, 0]
						}
					}
				},
				"torso_bend": {
					"rotation": {
						"0.0": {
							"vector": [0, 0, 0]
						},
						"0.25": {
							"vector": [-5, 0, 0]
						},
						"0.375": {
							"vector": [0, 0, 0]
						}
					}
				},
				"left_arm": {
					"rotation": {
						"0.0": {
							"vector": [0, 0, 0]
						},
						"0.1667": {
							"vector": [-55, 0, -75]
						},
						"0.625": {
							"vector": [5, 0, -75]
						}
					}
				},
				"left_arm_bend": {
					"rotation": {
						"0.0": {
							"vector": [0, 0, 0]
						},
						"0.1667": {
							"vector": [-87.5, 0, 0]
						},
						"0.625": {
							"vector": [-45, 0, 0]
						}
					}
				},
				"right_arm": {
					"rotation": {
						"0.0": {
							"vector": [0, 0, 0]
						},
						"0.1667": {
							"vector": [55, 0, "87.5-query.head_x_rotation"]
						},
						"0.4167": {
							"vector": [-136.04888, -19.99409, "87.00374-query.head_x_rotation"]
						},
						"0.625": {
							"vector": [-60, 0, "87.5-query.head_x_rotation"]
						}
					}
				},
				"right_arm_bend": {
					"rotation": {
						"0.0": {
							"vector": [0, 0, 0]
						},
						"0.1667": {
							"vector": [-60, 0, 0]
						},
						"0.5": {
							"vector": [-2.5, 0, 0]
						}
					}
				},
				"hidden.vines": {
					"rotation": {
						"0.0": {
							"vector": [0, 0, 0]
						},
						"0.1667": {
							"vector": [-62.5, 0, 0]
						},
						"0.375": {
							"vector": [-27.5, 0, 0]
						},
						"0.625": {
							"vector": [2.5, 0, 0]
						}
					}
				},
				"grab_vine": {
					"scale": {
						"0.0": {
							"vector": [1, 1, 1]
						},
						"0.375": {
							"vector": [1, 4.3, 1]
						}
					}
				}
			}
		},
		"hp_vine2": {
			"loop": "hold_on_last_frame",
			"animation_length": 0.625,
			"bones": {
				"body": {
					"rotation": {
						"0.0": {
							"vector": [0, 0, 0]
						},
						"0.1667": {
							"vector": [0, -85, 0]
						},
						"0.4167": {
							"vector": [0, 57.5, 0]
						},